Datum           , Tid  , Serie                            , Hemmalag                                  , Bortalag                                  , Arena                        , Domare1            , Domare2           , url
11 november 2025, 19:00, Division 1 Herrar Västra Götaland, IBK Kungälv                               , IBF Backadalen                            , Mimershus A-hallen           , Tobias Anderberg   , Jacob Johansson   , https://stats.innebandy.se/sasong/43/serie/40701/match/1570558/laguppstallning
11 november 2025, 19:45, Division 1 Herrar Västra Götaland, Floda IBK                                 , FBC Partille                              , Nova Floda Sportcenter A-hall, Richard Claesson   , Martin Johansson  , https://stats.innebandy.se/sasong/43/serie/40701/match/1570559/laguppstallning
11 november 2025, 20:00, Herrar Div. 3 B                  , Korsvägen BBK H3                          , IK Zenith H3                              , Lundenhallen                 , Kristoffer Lind    , Sebastian Ågren   , https://stats.innebandy.se/sasong/43/serie/42065/match/1630543/laguppstallning
11 november 2025, 18:20, Pantamera Flickor B-ungdom A     , Eken IBK DJ                               , Lindås IBK F10/11 Svart                   , Ekenhallen 1                 , Alexander Hellström, Emir Rajabi       , https://stats.innebandy.se/sasong/43/serie/42386/match/1648940/laguppstallning
11 november 2025, 19:30, Pantamera Pojkar B-ungdom C      , IBK Kungälv Ungdom Utveckling             , Surte IS IBK P10/11                       , Munkegärdehallen             , Albin Wennersten   , Senad Olevic      , https://stats.innebandy.se/sasong/43/serie/42371/match/1648516/laguppstallning
11 november 2025, 09:00, Skol DM Högstadiet               , Skol DM Högstadiet Lindås Arena 0900-1200 , Skol DM Högstadiet Lindås Arena 0900-1200 , Lindås Waves Arena           , Robin Boqvist      , Alexander Rydqvist, https://stats.innebandy.se/sasong/43/serie/42788/match/1666506/laguppstallning
11 november 2025, 09:00, Skol DM Högstadiet               , Skol DM Högstadiet Bohushallen 0900-1200  , Skol DM Högstadiet Bohushallen 0900-1200  , Bohushallen                  , Mohsen Gholami     , Semir Aganspahic  , https://stats.innebandy.se/sasong/43/serie/42788/match/1667662/laguppstallning
11 november 2025, 12:00, Skol DM Högstadiet               , Skol DM Högstadiet Lindås Arena 1200-1500 , Skol DM Högstadiet Lindås Arena 1200-1500 , Lindås Waves Arena           , Robin Boqvist      , Per Sundvall      , https://stats.innebandy.se/sasong/43/serie/42788/match/1666509/laguppstallning
11 november 2025, 12:00, Skol DM Högstadiet               , Skol DM Högstadiet Bohushallen 1200 - 1500, Skol DM Högstadiet Bohushallen 1200 - 1500, Bohushallen                  , Mohsen Gholami     , Semir Aganspahic  , https://stats.innebandy.se/sasong/43/serie/42788/match/1667663/laguppstallning
